시도,시군구,지역화폐명,site,content,,,소관기관,신청방법: 구비서류,접수/문의: 접수기관,주요내용: 접수기관,주요내용: 지원형태,지원내용: 지원내용,지원대상: 중복혜택 안돼요,지원대상: 지원대상,신청기간,신청방법,문의처
인천,n,인천e음,https://www.gov.kr//portal/rcvfvrSvc/dtlEx/628000000139?administOrgCd=,인천e음 전자상품권 사용자에게 캐시백 지원,,,인천광역시,정보 없음,온라인 신청,정보 없음,이용권,"○ 인천e음 사용 시 월 30만원 한도 내 10% / 5% 캐시백 지원(인천시 정책에 따라 변동 가능)   * 연매출 3억원 이하 가맹점 사용 시 10% / 3억 초과 ~ 30억원 이하 가맹점 사용 시 5% / 30억원 초과 가맹점 사용시 0%   * 상생가맹점에서 결제 시 1% ~5% 추가 캐시백 혜택    ○ 인천e음 기반 부가서비스 운영   * 배달e음(공공배달서비스), 인천직구(지역쇼핑몰), e음택시(택시호출서비스), 나눔e음(기부서비스), e음장보기(장보기 서비스)",정보 없음,"○ 인천시민, 관내 소상공인",상시신청,"- 스마트폰에서 인천e음 앱을 다운로드 한 후, 회원가입 진행  - 절차에 따라 '카드신청' 후 카드등록",인천e음 고객센터 (☎1811-8668)
세종,n,여민전,https://www.gov.kr//portal/rcvfvrSvc/dtlEx/569000000353?administOrgCd=,만 14세 이상 사용자가 여민전 결제 시 5% 캐시백 지원,,,세종특별자치시,정보 없음,온라인 신청,정보 없음,이용권,"○ 소비자가 상품권을 구매(월 30만원)하여 지역내 가맹점에서 결제 시 결제금액의 5% 캐시백(월 1만5천원) 지급   ※ 소비자 구매한도 및 캐시백률은 세종시 정책에 따라 변동 가능, 월 예산 소진 시 상품권 구매 불가",정보 없음,○ 만 14세 이상 상품권을 충전하여 사용하는 자,상시신청,"○ 온라인 신청 - 스마트폰 여민전 앱, 관내 농협·하나은행 방문하여 여민전카드 발급 신청 후 여민전 앱에서 상품권 충전",여민전 콜센터 (☎1577-5628)
부산,n,동백전,https://www.gov.kr//portal/rcvfvrSvc/dtlEx/626000000125?administOrgCd=,동백전 결제시 시민에게 캐시백 지원,,,부산광역시,정보 없음,온라인신청,정보 없음,이용권,"○ 부산지역화폐 동백전으로 결제할 경우, 월 30만원~100만원 충전금액 한도 내에서 5~10% 캐시백 지원(부산시 정책에 따라 변경)",정보 없음,○ 동백전 결제 시민  ○ 동백전 결제 가능 지역 소상공인 가맹점,상시신청,"○ 이용시민   - 온라인 : 동백전 앱 - 오프라인 : 부산은행, 하나은행, 농협    ○ 지역소상공인   - 온라인 : 동백전 앱, 동백전 홈페이지 - 오프라인 : 부산은행",중소상공인지원과 (☎051-888-4794)
경기,양주,양주사랑카드,https://www.gov.kr//portal/rcvfvrSvc/dtlEx/559000000136?administOrgCd=,지역화폐 이용자에게 일반 충전액의 6~10%의 인센티브 지원,,,경기도 양주시,정보 없음,"관내 농협, 신협, 새마을금고 지점 30개소","관내 농협, 신협, 새마을금고 지점 30개소",이용권,○ 지역화폐 일반 충전액의 6~10% 인센티브 지원,정보 없음,○ 만 14세 이상 국민 중 지역화폐 이용 희망자   - 거주지 제한 없음,상시신청,"○ 온라인 신청   - url 주소 : https://gmoney.usersite.co.kr/  ○ 오프라인 신청   - 관내 농협, 신협, 새마을금고 지점 30개소",일자리경제과 (☎031-8082-6033)
경기,군포,군포애머니,https://www.gov.kr//portal/rcvfvrSvc/dtlEx/402000000117?administOrgCd=,지역화폐를 이용하는 시민에게 인센티브 지원,,,경기도 군포시,-,정보 없음,정보 없음,기타,"○ 지역화폐 발행 인센티브 지원   - 발행형태 : 선불형 충전식 카드(유효기간 : 5년)   - 인센티브 : 평시 6-7% (특별이벤트시 : 10%)   - 구매한도 : 1인당 월 50만원 ※예산 상황에 맞춰 변동가능, 충전 시 인센티브 한도 확인 필수   ○ 지역화폐 회원등록   - 자격 : 본인 명의의 은행계좌를 가지고 있는 만 14세 이상이면 누구나   - 방법 : 스마트폰 경기지역화폐앱 설치 또는 NH농협은행에서 발급(지역화폐 카드단말기 설치된 농협)    ○ 지역화폐 사용처 : 군포시 관내 카드단말기가 설치되어 있는 연매출 12억 이하 소상공인 점포   ※대형마트, 기업형 슈퍼마켓 및 유흥업소, 사행성업소 등 일부업종 사용제한",정보 없음,본인 명의의 은행계좌를 가지고 있는 만 14세 이상이면 누구나,상시신청,"택1  - 스마트폰 '경기지역화폐앱' 설치 후 카드발급, 충전  - NH농협은행에서 카드발급, 충전(지역화폐 카드단말기 설치된 농협)",지역경제과 (☎031-390-0267)고객센터 (☎1899-7997)
경기,여주,여주사랑카드,https://www.gov.kr//portal/rcvfvrSvc/dtlEx/570000000113?administOrgCd=,"소비자에게 지역화폐 인센티브 제공, 가맹점(사용처)에는 매출증대 등 혜택 지원",,,경기도 여주시,○ 가맹점(사용처)   - 사업자등록증   - 대표자 신분증,"주민센터,시·군·구청","주민센터,시·군·구청",이용권,관내 지역화폐 정책 수립 및 업무추진,결제·충전 이벤트 중복당첨 불가,○ 여주사랑카드 사용자 및 가맹점(사용처),상시신청,○ 방문 신청   - 가맹점(사용처): 읍/면/동 행정복지센터로 신청 및 여주시청 일자리경제과,일자리경제과 (☎031-887-2274)일자리경제과 (☎031-887-2937)
충남,부여,굿뜨래페이,https://www.gov.kr//portal/rcvfvrSvc/dtlEx/457000000102?administOrgCd=,부여군 지역화폐 이용자에게 인센티브 지원,,,충청남도 부여군,해당없음,해당없음,정보 없음,이용권,○ 지역화폐 구매 및 이용시 인센티브 지원 (지급한도 월 70만원)   가. 충전인센티브 : 3~10%(변동가능)   나. 소비인센티브 : 0~7%(변동가능)   - 매출 4천만원 이하 가맹점 구입시 지급,정보 없음,○ 부여군 지역화폐 이용자,상시신청,○ 개인 신청절차 없음   - 별도 신청 불필요,굿뜨래페이 콜센터 (☎02-6225-3125)굿뜨래페이 콜센터 (☎041-830-2270)
강원,영월,영월별빛고운카드,https://www.gov.kr//portal/rcvfvrSvc/dtlEx/427000000209?administOrgCd=,주민에게 결제금액의 6~10%를 인센티브로 지급하는 지역화폐,,,강원특별자치도 영월군,정보 없음,"온라인 신청 ""그리고"" 앱,시·군·구청","온라인 신청 ""그리고"" 앱,시·군·구청",이용권,○ 대상 : 영월군 지역화폐 사용자    ○ 지원 : 결제금액의 6%~10% 인센티브 지원,정보 없음,○ 관내 주민,상시신청,"○ 온라인 신청   - ""그리고"" 앱",산업경제과 지역경제팀 (☎033-370-2751)고객센터 (☎1811-6663)
서울,강남,강남사랑상품권,https://www.gov.kr//portal/rcvfvrSvc/dtlEx/322000000103?administOrgCd=,"소비자에게 할인 및 소득공제 혜택, 가맹점에 수수료 절감 혜택 등 제공",,,서울특별시 강남구,정보 없음,온라인신청,정보 없음,이용권,○ 가맹점 : 결제수수료 0% 및 매출증대    ○ 소비자 : 할인혜택 5% 및 소득공제 30% 제공,정보 없음,○ 만 14세 이상이면 누구든지 구입 충전 가능,상시신청,"○ 온라인 신청   - 가맹점 : 서울페이 플러스 서비스센터(1600-6120)   - 소비자 : 스마트폰에서 서울페이 플러스 어플 다운로드, 회원가입",지역경제과 (☎02-3423-5496)
인천,연수,연수e음,https://www.gov.kr//portal/rcvfvrSvc/dtlEx/352000000102?administOrgCd=,캐시백 제공,,,인천광역시 연수구,"스마트폰으로 ""인천e음"" 어플리케이션 다운로드 후, 연수e음 카드 신청   ※스마트폰 미 소지시, 인천시 내 농협은행에서 신청 가능  - (관내 7개지점) 동춘동지점, 연수지점, 송도캠퍼스타운지점, 송도GCF지점, 송도웨스턴파크지점, 송도시티지점, 송도지점",인천e음 앱 신청,정보 없음,이용권,"○ 모바일앱을 통해 연수e음 카드(연수구 전자상품권)에 돈을 사전 충전하여 결제하는 시스템으로,    - 30만원 한도내에 최대 10% 캐시백 제공    - 상생 가맹점 이용시, 추가 2% 캐시백 제공",정보 없음,○ 만14세 이상 발급 가능,상시신청,"○ 인천e음 앱 다운로드 후 회원등록 및 카드발급 신청    ※ 스마트폰 미소지자의 경우 인천시 내 농협은행에서 발급 가능  - (관내 7개지점) 동춘동지점, 연수지점, 송도캠퍼스타운지점, 송도GCF지점, 송도웨스턴파크지점, 송도시티지점, 송도지점",연수구청 경제산업과 (☎032-749-7792)
경기,성남,성남사랑상품권,https://www.gov.kr//portal/rcvfvrSvc/dtlEx/378000000158?administOrgCd=,성남사랑상품권 사용자가 구매 시 6% 할인혜택 제공,,,경기도 성남시,정보 없음,온라인신청,온라인신청,이용권,○ 성남사랑상품권 구매 시 6% 할인판매,정보 없음,○ 성남사랑상품권 사용자,상시신청,"○ 온라인 신청 - 지역상품권 chak을 통한 온라인 구매    ○ 방문 신청   - 관내 농협, 신협, 새마을금고 방문구매",상권지원과 (☎031-729-2594)
전남,광양,광양사랑상품권,https://www.gov.kr//portal/rcvfvrSvc/dtlEx/484000000124?administOrgCd=,광양사랑상품권 10% 할인 지원(후 캐시백),,,전라남도 광양시,정보 없음,27개 판매처,27개 판매처,"현금, 이용권",○ 광양사랑상품권 구매시 10% 할인,정보 없음,○ 광양사랑상품권 구매자 누구나,상시신청,"온라인/ 오프라인 구매  (판매대행점: 농협 29, 광주은행 3, 새마을금고 9, 신협2)",투자경제과 (☎061-797-3351)
경기,수원,수원페이,https://www.gov.kr//portal/rcvfvrSvc/dtlEx/374000000141?administOrgCd=,"소비자에게 구입 충전 시 인센티브를, 가맹점에게 수수료 절감 혜택 제공",,,경기도 수원시,정보 없음,"경기지역화폐 앱, 수원시 소재의 중소기업은행(12개소), 농협중앙회(21개소)","경기지역화폐 앱, 수원시 소재의 중소기업은행(12개소), 농협중앙회(21개소)",이용권,"○ 소비자 : 구입 충전 시 6~10% 인센티브 지급    ○ 가맹점 : 카드가맹점 수수료 절감, 홍보효과, 가맹점 매출증대",정보 없음,○ 만 14세 이상이면 누구든지 발급 가능,상시신청,○ 온라인 신청   - 경기지역화폐 앱    ○ 방문 신청   - 기타 : 수원시 소재의 중소기업은행(12개소). 농협중앙회(21개소),지역경제정책팀 (☎031-228-2752)
경남,양산,양산사랑카드,https://www.gov.kr//portal/rcvfvrSvc/dtlEx/538000000121?administOrgCd=,양산사랑카드 사용자에게 충전 시 포인트 지급,,,경상남도 양산시,정보 없음,모바일앱,정보 없음,이용권,○ 양산사랑카드 충전시 포인트 지급,정보 없음,○ 양산사랑카드사용자,상시신청,○ 기타   - 양산사랑상품권카드 신청 후 충전,일자리경제과 (☎055-392-2302)
경기,부천,부천페이,https://www.gov.kr//portal/rcvfvrSvc/dtlEx/386000000122?administOrgCd=,부천페이 충전금의 6~10% 인센티브 지급,,,경기도 부천시,정보 없음,온라인신청 등,정보 없음,기타,○ 부천페이 충전금의 6~10% 인센티브 지급,정보 없음,○ 부천페이 충전자,상시신청,○ 온라인 신청   - 경기지역화폐 앱  ○ 오프라인 신청   - 농협은행 14개 지점,생활경제과 (☎032-625-2729)
경기,파주,파주페이,https://www.gov.kr//portal/rcvfvrSvc/dtlEx/406000000112?administOrgCd=,"소비자에게 인센티브 및 소득공제, 가맹점에 수수료 절감 등 혜택 지원",,,경기도 파주시,정보 없음,지역농협 등 48개소,지역농협 등 48개소,기타,"○ 소비자   - 구입 충전 시 상시 10% 인센티브 지급   - 연말정산 시 소득 공제 30%    ○ 가맹점 - 카드가맹점 수수료 절감, 홍보효과, 가맹점 매출증대",정보 없음,○ 본인 명의의 계좌를 가지고 있는 만14세 이상 누구나,상시신청,○ 방문 신청   - 기타 : 파주시 관내 농협 등 48개소    * 경기지역화폐 앱(App),일자리경제과 (☎031-940-4522)
경남,창원,창원사랑상품권,https://www.gov.kr//portal/rcvfvrSvc/dtlEx/567000000122?administOrgCd=,만 14세 이상 누구나,,,경상남도 창원시,○ 모바일 상품권 : 별도 없음(상품권 구매앱에서 구매 가능),모바일 상품권 앱,정보 없음,이용권,○ 창원사랑상품권 누비전 할인 구입  (현행)할인율 : 개인 7%  발행계획에 따라 할인율 변동 가능,정보 없음,○ 만 14세 이상,상품권 발행예정 2주 전 창원시청 홈페이지 게재,"○ 온라인 신청  - 모바일 앱에서 상품권 구매(창원누비전 전용앱, 비플제로페이, 경남지역상품권, 체크페이, 올원뱅크, 모바일뱅크 등)",지역경제과 (☎055-225-3398)
충남,당진,당진사랑상품권,https://www.gov.kr//portal/rcvfvrSvc/dtlEx/568000000122?administOrgCd=,당진사랑상품권 운영 및 안내,,,충청남도 당진시,○ 당진사랑상품권 가맹 신청   - 사업자 등록증 사본 1부   - 대표자 명의 계좌 사본 1부,"주민센터,시·군·구청","주민센터,시·군·구청",이용권,○ 당진사랑상품권 가맹점 등록  ○ 당진사랑상품권 이용 안내,정보 없음,○ 당진사랑상품권 가맹을 원하는 소상공인  ○ 당진사랑상품권 구입자,상시신청,"○ 방문 신청   - 행정청 : 당진시청, 읍면동 행정복지센터",지역경제과 (☎041-350-4019)
경남,거제,거제사랑상품권,https://www.gov.kr//portal/rcvfvrSvc/dtlEx/537000000132?administOrgCd=,"소비자에게 할인 및 소득공제 혜택, 가맹점에 수수료 절감 혜택 등 제공",,,경상남도 거제시,정보 없음,지역농협,지역농협,이용권,○ 소비자 - 지류 또는 모바일 상품권을 5~10%의 할인금액으로 구매   - 연말정산시 소득공제    ○ 가맹점   - 카드수수료 절감,정보 없음,○ 사용자가 직접 구입하여 거제시 관내 가맹점에서 사용가능   - 사용자의 거주지 상관없이 구입 가능   - 미셩년자 제외,상시신청,"○ 온라인 신청   - 농협올원뱅크나 제로페이앱을 설치, 회원가입 후 구매가능    ○ 방문 신청   - 기타 : 거제시 관내 농협",지역경제과 (☎055-639-4113)
강원,삼척,삼척사랑상품권,https://www.gov.kr//portal/rcvfvrSvc/dtlEx/424000000174?administOrgCd=,삼척사랑카드로 결제 시 구매금액의 10% 인센티브 지급,,,강원특별자치도 삼척시,정보 없음,"농협은행, 농축협, 새마을금고","농협은행, 농축협, 새마을금고",기타,삼척사랑카드로 결제 시 구매금액의 10% 인센티브 지급,정보 없음,○ 카드형  - 만 14세 이상 삼척사랑카드 발급 가능    ○ 지류형  - 만 14세 이상 삼척사랑상품권 구매 가능,상시신청,"○ 온라인 신청(카드형)   - 스마트폰에서 '그리고' 어플 다운로드 후 회원가입   - 절차에 따라 삼척사랑카드 발급 및 충전 후 사용    ○ 방문 신청   - 기타 : 삼척시 관내 농협, 새마을금고, 신협을 방문해 삼척사랑카드 발급 및 충전 가능(카드형)   - 기타 : 삼척시 관내 농협, 새마을금고, 신협을 방문해 삼척사랑상품권 구매 가능(지류형)",경제과 (☎033-570-3359)
경북,포항,포항사랑상품권,https://www.gov.kr//portal/rcvfvrSvc/dtlEx/502000000212?administOrgCd=,포항사랑상품권 구매자에게 5~10% 할인혜택 지원,,,경상북도 포항시,정보 없음,포항시 소재의 164개소 판매대행점,포항시 소재의 164개소 판매대행점,이용권,○ 소비자   - 구입 충전 시 5~10% 할인     ※ 할인혜택은 정책에 따라 변동될 수 있음,정보 없음,○ 지류형 포항사랑상품권 - 만19세이상이면 누구든지 구입 가능  ○ 카드형 포항사랑상품권(포항사랑카드)   - 만14세이상이면 누구든지 발급 가능,상시신청,"○ 온라인 신청 (포항사랑카드)   1. 스마트폰에서 IM샵 앱을 다운로드 한 후, 회원가입 후 충전행사일 충전가능   2. 포항시 소재 오프라인 충전처 (104개소)를 통해 등록 및 충전행사일 충전가능     ○ 방문 신청   - 기타 : 포항시 소재의 164개소 판매대행점 (포항사랑상품권)",포항시 경제노동과 (☎054-270-2473)
전북,전주,전주사랑상품권,https://www.gov.kr//portal/rcvfvrSvc/dtlEx/464000000109?administOrgCd=,"소비자에게 할인 및 소득공제 혜택, 가맹점에는 매출증대 등 지원",,,전북특별자치도 전주시,정보 없음,전주시 소재의 전북은행,전주시 소재의 전북은행,이용권,"○ 소비자   - 상품권 결제금액의 10% 캐시백, 연말정산 시 소득공제 30%, 가맹점 제공 추가할인혜택   ※ 할인혜택은 시도 정책에 따라 변동될 수 있음    ○ 가맹점 - 지역 내 소비촉진을 통한 매출증대, 추가할인을 통한 가맹점 홍보효과",정보 없음,○ 만 14세 이상이면 누구든지 발급 가능,상시신청,○ 방문 신청   - 기타 : 전주시 소재 전북은행  ○ 온라인 신청   - 전주사랑상품권 플랫폼(앱),경제산업국 민생사회적경제과 (☎063-281-2514)
충남,보령,보령사랑상품권,https://www.gov.kr//portal/rcvfvrSvc/dtlEx/451000000140?administOrgCd=,"○ 보령사랑상품권(지류, 모바일) 구매 시 10% 이내 할인(예산 상황에 따라 변동)",,,충청남도 보령시,사업자등록증 사본 1부,판매대행점 및 온라인(Chak),판매대행점 및 온라인(Chak),이용권,"○ 보령사랑상품권(지류, 모바일) 구매 시 10% 이내 할인(예산 상황에 따라 변동)  ○ 월 구매한도(지류, 모바일): 1인당 총 70만원 이내(예산 상황에 따라 변동)",정보 없음,○ 만19세 이상 성년,상시신청,○ 온라인 신청 - 판매대행점 및 온라인(Chak) 구매,보령시청 지역경제과 (☎041-930-3715)
충북,충주,충주사랑상품권,https://www.gov.kr//portal/rcvfvrSvc/dtlEx/439000000841?administOrgCd=,"소비자에게 할인 및 소득공제 혜택, 가맹점에 수수료 절감 혜택 등 제공",,,충청북도 충주시,정보 없음,충주사랑상품권 판매대행점(충주시 금융기관 81개소 ),충주사랑상품권 판매대행점(충주시 금융기관 81개소 ),이용권,"○ 소비자   - 구입 충전 시 6~10%할인, 연말정산 시 소득공제 30%   ※ 할인혜택은 시 정책에 따라 변동될 수 있음    ○ 가맹점 - 카드수수료 부담감소, 홍보효과, 가맹점 매출증대",정보 없음,○ 만 14세 이상이면 누구든지 지류형 구매 및 카드형 발급·충전 가능,상시신청,○ 방문 신청   - 기타 : 충주사랑상품권 판매대행점(충주시 금융기관 81개소 )  ○ 충주사랑상품권 전용앱   - 전용앱을 통한 충주사랑상품권(카드형) 발급 신청,경제기업과 (☎043-850-6016)경제기업과 (☎043-850-6014)
충남,아산,아산페이,https://www.gov.kr//portal/rcvfvrSvc/dtlEx/452000000170?administOrgCd=,모바일 만 14세이상(지류 만 19세 상) 누구나 아산페이 구매 시 최대 10% 할인 지원,,,충청남도 아산시,정보 없음,"지역농협, 신협, 우체국, 새마을금고","지역농협, 신협, 우체국, 새마을금고",이용권,○ 아산페이 구매 시 10% 할인,정보 없음,○ 지류 상품권 구매 : 만19세이상 누구나    ○ 모바일 앱설치 및 카드발급 : 만14세이상 누구나,상시신청,"○ 방문 신청   - 지류: 아산시 소재의 농협,신협, 우체국, 새마을금고 / 모바일: 지역상품권chak앱 통한 구매",아산시 지역경제과 (☎041-530-6505)
전남,순천,순천사랑상품권,https://www.gov.kr//portal/rcvfvrSvc/dtlEx/482000000125?administOrgCd=,순천사랑상품권 구매자에게 혜택 지원,,,전라남도 순천시,정보 없음,"지역농협, 순천농협, 원협, 축협, 낙협","지역농협, 순천농협, 원협, 축협, 낙협",이용권,○ 순천사랑상품권 발행 및 판매,정보 없음,○ (상품권구입) 만19세 이상 누구나    ○ (가맹점신청) 제한업종 외 순천시 관내 모든업소,상시신청,"○ 방문 신청   - 기타 : 농협은행, 순천농협, 원협, 축협, 낙협",지역경제팀 (☎061-749-5895)
인천,동구,동구사랑상품권,https://www.gov.kr//portal/rcvfvrSvc/dtlEx/350000000101?administOrgCd=,"소비자에게 할인 혜택, 가맹점에는 카드수수료 절감 혜택 등 제공",,,인천광역시 동구,"○ 판매대행점(판매 협약된 신협, 새마을금고, 농협) 방문시 신분증 지참",정보 없음,정보 없음,기타,"○ 소비자 : 구입시 6% 할인 구매    ○ 가맹점 : 카드가맹점 수수료 절감, 홍보효과, 가맹점 매출증대",정보 없음,"○ 동구 소재 시장 및 소상공인, 동구 및 인근주민",상시신청,○ 방문 신청   - 기타 : 관내 판매대행점에서 구입시 할인적용,일자리경제과 (☎032-770-6383)
충남,태안,태안사랑상품권,https://www.gov.kr//portal/rcvfvrSvc/dtlEx/462000000343?administOrgCd=,"소비자에게 할인 및 소득공제 혜택, 가맹점 매출 증대 효과",,,충청남도 태안군,#NAME?,관내 태안사랑상품권 판매대행점(은행 등),관내 태안사랑상품권 판매대행점(은행 등),이용권,"○ 소비자   - 구입 충전 시 10%할인, 연말정산 시 소득공제 30%   ※ 할인혜택은 정책에 따라 변동될 수 있음    ○ 가맹점 - 홍보효과, 가맹점 매출증대",정보 없음,○ 관내 상품권 할인구매 희망자,상시신청,○ 방문 신청   - 기타 : 관내 태안사랑상품권 판매대행점(은행 등),경제진흥과 (☎041-670-2850)
전북,군산,군산사랑상품권,https://www.gov.kr//portal/rcvfvrSvc/dtlEx/467000000113?administOrgCd=,군산사랑상품권 구매자에게 10% 이내 선할인 혜택 지원,,,전북특별자치도 군산시,신분증 등,"군산시 소재의 농협, 전북은행, 신협, 새마을금고 각지점 (74개)","군산시 소재의 농협, 전북은행, 신협, 새마을금고 각지점 (74개)",이용권,○ 군산사랑상품권 구매시 10% 이내 선할인,정보 없음,○ 군산사랑상품권 구매자,상시신청,"○ 방문 신청   - 기타 : 농협,전북은행,신협,새마을금고 각지점 (74개)",일자리경제과 (☎063-454-2662)
경남,김해,김해사랑상품권,https://www.gov.kr//portal/rcvfvrSvc/dtlEx/535000000182?administOrgCd=,김해사랑상품권 구입자에게 7% 할인 지원,,,경상남도 김해시,정보 없음,(재)한국간편결제진흥원 (김해사랑상품권 운영대행사),정보 없음,이용권,○ 김해사랑상품권 7%할인 (1인 개인구매한도 30만원)     ※ 발행상황에 따라 할인혜택 및 구매한도 변경 가능,정보 없음,○ 김해사랑상품권 구입자,"매 분기 및 명절이 속한 월의 첫번째 평일 오전 11시, 오후 2시 발행","○ 모바일 어플을 통한 구매 (비플제로페이, 경남지역사랑상품권, 각종 은행어플 등)",민생경제과 (☎055-330-3420)
전남,담양,담양사랑상품권,https://www.gov.kr//portal/rcvfvrSvc/dtlEx/485000000111?administOrgCd=,"소비자에게 할인 및 소득공제 혜택, 가맹점에 수수료 절감 혜택 등 제공",,,전라남도 담양군,○ 상품권 구입 희망자 신분증,금융기관,금융기관,이용권,"○ 최초발행일 : 2007. 08. 01. ○ 종 류   - 지류형 : 1만원권, 3만원권, 5만원권   - 카드형 : 모바일 앱(Chak) 연동 실물카드   ※ 모바일 상품권 결제시스템 사용    ○ 판매점   - 지류형 : 관내 금융기관 27개소(우체국, 광주은행 제외)   - 카드형 : 농협, 신협, 새마을금고, 모바일 앱-Chak ○ 구매방법 - 지류형 : 금융기관 직접 방문구매(신분증 지참. 본인만가능)   - 카드형 : 금융기관 직접 방문 또는 모바일 앱(Chak) 가입 후 신청 ○ 기타사항 - 상품권 특별할인(개인 10%, 법인 2%), 현금영수증 가능 ※ 할인혜택 가능   - 가맹점 환전수수료 없음.",정보 없음,○ 상품권 구입 희망자,상시신청,"<담양사랑상품권(지류)>  ○ 방문 신청   - 담양군 관내 소재 금융기관에서 구입(우체국, 광주은행 제외)    <담양사랑상품권(카드)>  ○ 방문 신청   - 담양군 관내 농협, 새마을금고, 신협 방문 신청  ○ 온라인 신청 - 스마트폰 앱 'Chak'을 다운로드 후 회원가입 및 카드신청(계좌연동, 상품권 구입)",경제교통과 (☎061-380-3124)
전남,해남,해남사랑상품권,https://www.gov.kr//portal/rcvfvrSvc/dtlEx/493000000132?administOrgCd=,"소비자에게 할인 및 소득공제 혜택, 가맹점에 수수료 절감 혜택 등 제공",,,전라남도 해남군,정보 없음,9개 금융기관 35개 대행기관,9개 금융기관 35개 대행기관,이용권,"○ 소비자   - 구입시 5~10%할인구매(한도: 월 50~70만원, 특별한 경우 100만원), 연말정산 시 소득공제 30% ※ 할인혜택은 특판행사에 따라 변동될 수 있음    ○ 가맹점 - 지류상품권 결제시 카드수수료 절감, 가맹점 매출증대",정보 없음,"○ 지류 상품권: 만 19세 이상 이면 누구든지 구매 가능    ○ 카드,QR 상품권: 만 14세 이상 이면 누구든지 구매 가능",상시신청,○ 방문 신청   - 기타 : 9개 금융기관 35개 대행기관,경제산업과 (☎061-530-5352)
경기,구리,구리사랑카드,https://www.gov.kr//portal/rcvfvrSvc/dtlEx/398000000121?administOrgCd=,구리사랑카드를 이용하는 소비자에게 인센티브 및 소득공제 혜택 제공,,,경기도 구리시,정보 없음,"구리시 소재의 NH농협은행, 단위 농축협(원예농협제외), MG새마을금고, 신협","구리시 소재의 NH농협은행, 단위 농축협(원예농협제외), MG새마을금고, 신협",이용권,○ 소비자   - 카드 충전 시 상시 5~8% 또는 특별 10% 인센티브 제공   - 연말정산 시 소득공제 30%   ※ 인센티브 지급률 및 1인 월구매한도는 예산에 따라 변동됨,정보 없음,○ 일반발행 : 누구나 신청가능    ○ 정책발행 : 대상자에 한해 신청가능,상시신청,"○ 온라인 신청  1. 스마트폰에서 ""경기지역화폐"" 앱 다운로드 2. 절차에 따라 '카드신청' 및 '개인정보 등록'    ○ 방문 신청   - 기타 : 구리시 소재의 NH농협은행, 단위 농축협(원예농협제외), MG새마을금고, 신협",일자리경제과 (☎031-550-2275)
경남,고성,고성사랑상품권,https://www.gov.kr//portal/rcvfvrSvc/dtlEx/542000000132?administOrgCd=,고성사랑상품권 구매자에게 10% 할인 적용(매월 예산 소진 시 까지),,,경상남도 고성군,"(지류) 구매신청서, 신분증, 휴대폰 또는 카드를 통한 본인인증",시·군·구청,시·군·구청,이용권,"○ 소비자   - 구입 충전 시 10%할인    ○ 가맹점 - 홍보효과, 가맹점 매출증대",정보 없음,"○ 지류: 만 19세 이상, 본인인증 필수  ○ 모바일, 카드: 만 14세 이상, 본인인증 필수","(모바일, 카드) 매월 1일 (지류) 매월 첫번째 평일 *예산소진 시, 판매종료","○ 온라인 신청   - (모바일)스마트폰에서 제로페이 연결 어플 설치 후, 상품권 구매   - (카드)스마트폰에서 지역사랑상품권 chak 어플 설치 후, 회원가입 진행 및 카드 신청    ○ 방문 신청   - (지류)고성군 관내 금융기관(우체국 제외)   - (카드)관내 농협, 신협",고성군 경제기업과 (☎055-670-2304)
경남,거창,거창사랑상품권,https://www.gov.kr//portal/rcvfvrSvc/dtlEx/547000000129?administOrgCd=,거창사랑상품권 구매자에게 10%의 할인 판매 지원,,,경상남도 거창군,"(종이형) 거창군 13개 판매대행점(은행) 방문시 신분증, 본인인증을 위한 본인명의의 휴대전화나 신용카드 지참하여 방문  (카드형) 모바일 앱(chak) 가입·신청 또는 판매대행점 방문 즉시 발급 - 판매대행 : 농 ·축협 본점 8개소*   * 거창군지부, 거창농협, 사과원예농협, 거창축협, 남거창농협, 동거창농협, 북부농협, 수승대농협 (모바일) 모바일상품권 관련 앱 설치 후 본인인증 후 구입",정보 없음,정보 없음,"현금(감면), 이용권",○ 거창사랑상품권 구매 지원서비스   - 거창사랑상품권 상시 할인(10%),정보 없음,○ 상품권 구매자 (종이형) 19세 이상(거창군민이 아니어도 구매 가능)   (카드형) 19세 이상(거창군민이 아니어도 구매 가능)   (모바일) 14세 이상(거창군민이 아니어도 구매 가능),상시신청,"○ 종이상품권(방문 신청)   거창사랑상품권 판매대행점 13개 은행 본인직접 방문하여 구매(상시구매 가능)  ○카드형상품권 모바일 앱(chak) 가입·신청 또는 판매대행점 방문 즉시 발급 - 판매대행 : 농 ·축협 본점 8개소*   * 거창군지부, 거창농협, 사과원예농협, 거창축협, 남거창농협, 동거창농협, 북부농협, 수승대농협  ○ 모바일상품권(본인명의 휴대전화)   모바일상품권 앱 설치 후 본인인증하여 구매(매월 1일, 10시부터 판매)",거창군 경제기업과 (☎055-940-3682)
경기,안성,안성사랑카드,https://www.gov.kr//portal/rcvfvrSvc/dtlEx/408000000536?administOrgCd=,"소비자에게 할인 및 소득공제 혜택, 가맹점에 홍보효과 등의 혜택 제공",,,경기도 안성시,정보 없음,안성시 소재의 농협중앙회 또는 신협,안성시 소재의 농협중앙회 또는 신협,이용권,"○ 소비자 : 지역화폐 구입시 6%~10% 할인, 연말정산 시 소득공제 30%    ○ 가맹점 : 홍보효과, 가맹점 매출증대",정보 없음,○ 만 14세 이상이면 누구든지 발급 가능,상시신청,"○ 온라인 신청  1. 스마트폰에서 경기지역화폐앱을 다운로드 한 후, 회원가입 진행  2. 절차에 따라 '카드신청' 및 '개인정보 등록'    ○ 방문 신청   - 기타 : 온라인 신청 또는 안성시 소재의 농협중앙회 또는 신협",일자리경제과 (☎031-678-2435)
경기,의왕,의왕사랑상품권,https://www.gov.kr//portal/rcvfvrSvc/dtlEx/403000000121?administOrgCd=,"소비자에게 할인 및 소득공제 혜택, 가맹점에 수수료 절감 혜택 등 제공",,,경기도 의왕시,정보 없음,"지역농협, 신협, 새마을금고","지역농협, 신협, 새마을금고",이용권,"○ 소비자   - 충전 시 6% 할인, 연말정산 시 소득공제 30% 혜택   ※ 할인혜택은 변동될 수 있음    ○ 가맹점 - 카드가맹점 수수료 절감, 홍보효과, 가맹점 매출증대",정보 없음,"○ 종이형 : 거주지역 상관없이 누구나 구입 가능(단, 미성년자의 경우 법정대리인 대리구매 가능)    ○ 카드형 : 만 14세 이상이면 누구든지 발급 가능",상시신청,"○ 온라인 신청 - 스마트폰에서 경기지역화폐 앱을 다운로드 한 후, 회원가입 진행   - 절차에 따라 '카드신청' 및 '개인정보 등록'    ○ 오프라인   - 종이형 상품권 : 관내 농협 13개소   - 카드형 상품권 : 관내 농협중앙회 5개소, 의왕신협 4개소, 의왕새마을금고 5개소 ○ 방문 신청 - 기타 : 관내 농협, 신협, 새마을금고",지역경제위생과 (☎031-345-2354)
경북,의성,의성사랑상품권,https://www.gov.kr//portal/rcvfvrSvc/dtlEx/515000000120?administOrgCd=,"소비자에게 할인 및 소득공제 혜택, 가맹점에 수수료 절감 혜택 등 제공",,,경상북도 의성군,정보 없음,"지역농협, 축협, 산림조합, 새마을금고, 신협","지역농협, 축협, 산림조합, 새마을금고, 신협",이용권,"○ 소비자   - 구입 충전 시 10% 할인, 연말정산 시 소득공제    ○ 가맹점   - 카드가맹점 수수료 절감, 홍보효과, 가맹점 매출증대",정보 없음,○ 만 14세 이상이면 누구든지 발급 가능,상시신청,"○ 온라인 신청 1. 스마트앱에서 '지역화폐 그리고' 앱을 다운로드한 후, 회원가입 진행  2. 절차에 따라 '카드신청', '개인정보 등록' 및 금액 충전 후 사용    ○ 방문 신청   - 기타 : 의성군 소재 농협, 축협, 산림조합, 새마을금고, 신협을 방문하여 상품권 구매 신청",경제투자과 (☎054-830-6234)
서울,송파,송파사랑상품권,https://www.gov.kr//portal/rcvfvrSvc/dtlEx/323000000112?administOrgCd=,송파사랑상품권 구매자에게 할인 판매 지원,,,서울특별시 송파구,정보 없음,온라인신청,정보 없음,이용권,○ 송파구 내에서 소비 가능한 모바일상품권 할인 판매,정보 없음,○ 전 국민(제한없음),접수기관 별 상이,○ 온라인 신청 - 상품권 구매가능한 앱설치 후 결제,경제진흥과 (☎02-2147-2506)
전남,목포,목포사랑상품권,https://www.gov.kr//portal/rcvfvrSvc/dtlEx/480000000112?administOrgCd=,"소비자에게 할인 및 소득공제 혜택, 가맹점에는 매출증대 등 지원",,,전라남도 목포시,정보 없음,"지류형 : 55개 판매대행점(농협, 광주은행, 신협, 수협, 새마을금고) 카드형 : 광주은행,주민센터","지류형 : 55개 판매대행점(농협, 광주은행, 신협, 수협, 새마을금고) 카드형 : 광주은행,주민센터",이용권,"종 류 : 2종(1만원권, 5만원권)  판 매 처 : 관내 농협, 광주은행, 새마을금고, 신협  구매한도   - 개인당 월50만원(지류+모바일 20만원, 카드 30만원)   - 법인 반기별 1,000만원  구 매 : 민법상 성년이고 신분증 지참하면 누구나 구매 가능 (다만, 가맹점주는 구입 불가)  사 용 처 : 목포사랑상품권 가맹점 (가맹점 스티커 부착, 목포시청 홈페이지에서 확인 가능)  잔액환불 : 사용자가 현장에서 권면금액 70% 이상 사용 시 잔액 환불 가능  구매자 할인 : 평시 7%, 법인구매 할인율 미적용  가맹점 : 상품권을 받을 경우 카드수수료 절감으로 매출향상",정보 없음,○ 상품권 구매 시민 전체,상시신청,"<구매처>  ○ 방문 신청   - 기타 : ? 지류형 : 55개 판매대행점(농협, 광주은행, 신협, 수협, 새마을금고) ? 카드형 : 광주은행    <가맹점 가입> ○ 방문 신청 - 주민센터 : 주민센터 방문 신청",지역경제과 (☎061-270-8785)
경북,영주,영주사랑상품권,https://www.gov.kr//portal/rcvfvrSvc/dtlEx/509000000116?administOrgCd=,"소비자에게 할인 혜택, 가맹점에는 매출 증대 등 지원",,,경상북도 영주시,정보 없음,"NH농협은행,지역농축협, 신협, 새마을금고, 대구은행, 우체국 등",정보 없음,이용권,"○ 소비자   - 구입 충전 시 5~10%할인, 연말정산 시 소득공제    ○ 가맹점 - 카드가맹점 수수료 절감, 홍보효과, 가맹점 매출증대",정보 없음,○ (소비자) 만 19세 이상이면 누구든지 구매 가능    ○ (가맹점) 영주시 소재 사업자,상시신청,"○ 모바일 신청 1. 스마트폰에서 지역사랑상품권 chak앱을 다운로드 한 후, 회원가입 진행 2. 절차에 따라 ‘카드신청’ 및 ‘개인정보 등록’    ○ 방문 신청   - 기타 : 신분증, 본인명의 스마트폰 지참하여 영주시 소재 NH농협은행,지역농축협,신협,새마을금고,대구은행,우체국 방문하여 구매",영주시청 일자리경제과 (☎054-639-6105)
경북,상주,상주화폐,https://www.gov.kr//portal/rcvfvrSvc/dtlEx/511000000132?administOrgCd=,상주화폐 구매자에게 할인 혜택 지원,,,경상북도 상주시,정보 없음,상주화폐 판매대행점,상주화폐 판매대행점,이용권,"○ 상주화폐(지류형, 카드형) 할인판매   - 평상시 6% 이벤트시 10%   - 지류 개인 월 50만원 연 600만원 / 카드 개인 월 70만원 연 840만원",정보 없음,"○ 상주화폐 구매자(지류형 : 만19세 이상, 카드형 : 만14세 이상)",상시신청,○ 온라인 신청   - 상주화폐 어플    ○ 방문 신청   - 기타 : 상주화폐 판매대행점,상주시청 투자경제과 (☎054-537-7409)
서울,마포,마포사랑상품권,https://www.gov.kr//portal/rcvfvrSvc/dtlEx/313000000113?administOrgCd=,"소비자에게 할인 및 소득공제 혜택, 가맹점에 수수료 절감 혜택 등 제공",,,서울특별시 마포구,정보 없음,온라인신청,정보 없음,이용권,"○ 소비자 : 구입 시 5%할인, 연말정산 시 소득공제 30%   ※ 할인혜택은 시도 정책에 따라 변동될 수 있음    ○ 가맹점 : 수수료 절감, 홍보효과, 가맹점 매출증대",정보 없음,○ 만 14세 이상이면 누구든지 가능,발행일부터 선착순 구매,"○ 온라인 신청 - 스마트폰에서 ""서울페이플러스"" 앱 다운로드   - 이용동의, 본인인증, 비밀번호와 결제계좌 등록",경제진흥과 (☎02-3153-8572)
전남,무안,무안사랑상품권,https://www.gov.kr//portal/rcvfvrSvc/dtlEx/495000000421?administOrgCd=,"소비자에게 할인 및 소득공제 혜택, 가맹점에 수수료 절감 혜택 등 제공",,,전라남도 무안군,정보 없음,"지역농협, 새마을금고, 신협 등 42개소","지역농협, 새마을금고, 신협 등 42개소",이용권,"○ 소비자   - 구입및 충전 시 6~10%할인, 연말정산 시 소득공제 30%, ○ 가맹점 - 지류 상품권 사용시 카드가맹점 수수료 절감, 홍보효과, 가맹점 매출증대",정보 없음,○ 만 20세 이상이면 누구든지 구매 및 발급 가능,상시신청,"○ 방문 신청   - 기타 : 무안군 소재의 농협, 새마을금고, 신협 등 42개소",지역경제과 (☎061-450-5714)
경북,영천,영천사랑상품권,https://www.gov.kr//portal/rcvfvrSvc/dtlEx/510000000101?administOrgCd=,"소비자에게 할인 혜택, 가맹점에는 매출 증대 등 지원",,,경상북도 영천시,정보 없음,온라인신청,정보 없음,이용권,"○ 소비자   - 구입 충전 시 연중 10% 특별할인   ※ 할인혜택은 시도 정책에 따라 변동될 수 있음    ○ 가맹점 - 홍보효과, 가맹점 매출증대",정보 없음,○ 만 19세 이상 구매 가능,상시신청,"○ 온라인 신청(영천사랑카드)   - 한국조폐공사 앱 (지역상품권 chak)    ○ 방문 신청   - 영천사랑상품권 : 영천시 소재의 농협은행 3, 대구은행 2, 지역 농?축협 25, 새마을금고 11, 신협 2   - 영천사랑카드 : 영천시 소재의 농협은행 3, 지역농?축협 25, 새마을금고 11, 신협 2, 우체국 14",일자리노사과 (☎054-330-6240)
서울,종로,종로사랑상품권,https://www.gov.kr//portal/rcvfvrSvc/dtlEx/300000000104?administOrgCd=,종로사랑상품권 구매자에게 할인 혜택 지원,,,서울특별시 종로구,정보 없음,모바일앱,정보 없음,이용권,○ 종로사랑상품권 할인 판매,정보 없음,○ 지역화폐 구매자,접수기관 별 상이,○ 기타   - 모바일 상품권 개인 구매,일자리정책과 (☎02-2148-2325)
경북,고령,고령사랑상품권,https://www.gov.kr//portal/rcvfvrSvc/dtlEx/520000000120?administOrgCd=,"소비자에게 할인 및 소득공제 혜택, 가맹점에 수수료 절감 혜택 등 제공",,,경상북도 고령군,정보 없음,고령군 소재의 금융기관 19개소,고령군 소재의 금융기관 19개소,기타,"○ 소비자   - 구입시 10% 할인(지류, 제로페이,고령사랑카드)   ※ 적립 및 할인혜택은 예산 소진시에 변동 가능    ○ 가맹점 - 카드가맹점 수수료 절감, 홍보효과, 가맹점 매출증대",정보 없음,"○ 지류의 경우 미성년자 구입 불가능  ○ 카드, 제로페이의 경우 만 14세 이상 가능",상시신청,"○ 온라인 신청   - 제로페이(모바일) : ‘체크페이’,‘비플제로페이’등 23개 어플앱(APP)에서 구매 가능   - 카드형 : 지역상품권 chak 앱 설치 및 회원가입후 상품권 충전 ○ 방문 신청   - 기타 : 고령군 소재의 금융기관 19개소 (지류상품권)",고령군청 지역경제과 (☎054-950-6563)
충남,논산,논산사랑상품권,https://www.gov.kr//portal/rcvfvrSvc/dtlEx/454000000168?administOrgCd=,논산사랑상품권 발행으로 지역경제 활성화 기여,,,충청남도 논산시,정보 없음,"관내 판매대행점 및 지역상품권 CHAK 앱,주민센터,시·군·구청","관내 판매대행점 및 지역상품권 CHAK 앱,주민센터,시·군·구청",이용권,"○ 모바일 또는 카드형 논산사랑상품권 구매 시 10% 할인  ○ 지류형 논산사랑상품권 구매 시 5% 할인  ○ 1인 구매한도 월 70만원(지류 최대 30만원)  ○ 1인 보유한도 150만원(모바일, 카드에 한함)",정보 없음,○ 논산사랑상품권을 사용하는 이용자 및 가맹점주,상시신청,"○ 가맹점 등록 및 해지 - 논산시청 지역경제과 또는 해당 읍면동사무소 방문신청  - 가맹점 등록 신청서, 사업자등록증, 계좌사본 등   ○ 이용자 회원가입  - 모바일 신청 : 지역상품권 CHAK 앱  - 방문 신청 : 관내 판매대행점 61개소(NH농협, 농축협, 산림조합, 새마을금고, 신협, 우체국본점)",지역경제과 (☎041-746-6015)
경기,포천,포천사랑상품권,https://www.gov.kr//portal/rcvfvrSvc/dtlEx/560000000108?administOrgCd=,"소비자에게 할인 및 소득공제 혜택, 가맹점에 수수료 절감 혜택 등 제공",,,경기도 포천시,정보 없음,"주민센터,시·군·구청","주민센터,시·군·구청",이용권,"○ 소비자  - 상품권 구입 충전 시 6~10%할인 및 추가 지급, 연말정산 시 소득공제가능, 가맹점 제공 추가 할인 혜택, 경기도 소비지원금 지원 수혜   ※ 할인혜택은 시도 정책에 따라 변동될 수 있음    ○ 가맹점 - 카드가맹점 수수료 절감, 홍보효과, 가맹점 매출증대",정보 없음,○ 만 14세 이상이면 누구든지 발급 가능,상시신청,"<개인(소비자)>  ○ 카드형(온라인 신청):스마트폰에서 경기지역화폐 앱을 다운로드 한 후, 회원가입 진행 절차에 따라 '카드신청' 및 '개인정보 등록' 후 충전 사용  ○ 지류형: 포천 관내 농협 방문하여 구매 가능    <사업장 대표>  ○ 온라인: 스마트폰 경기지역화폐 앱 내 ""경기지역화폐 가맹점 신청하기"" 클릭 -> 사업자등록증, 농축협통장사본(지류형신청) 업로드  ○ 오프라인: 사업자등록증 및 농축협통장사본(지류형신청) 지참하여 읍면동 주민센터 방문 또는 시청 일자리경제과 방문",일자리경제과 (☎031-538-3200)
충남,예산,예산사랑상품권,https://www.gov.kr//portal/rcvfvrSvc/dtlEx/461000000106?administOrgCd=,예산사랑상품권 구매자에게 할인 혜택 지원,,,충청남도 예산군,○ 구입방법 (종이형) 신분증 지참 후 NH농협은행 예산군지부 외 32개소 방문    (모바일형) 본인명의 휴대폰 및 신분증 지참하여 예산군지부 외 44개소 방문 구매 또는 스마트폰에서 ‘지역사랑상품권 chak(착)’앱 설치 및 회원가입 후 구매,관내 금융기관 판매대행점 33개소,관내 금융기관 판매대행점 33개소,이용권,○ 신분증 지참자 대상 정기적 상품권 할인행사를 통해 할인된 금액의 지류형 및 모바일형 상품권 제공,정보 없음,○ 전국민,접수기관 별 상이,○ 방문 신청   - 기타 : 관내 금융기관 판매대행점 33개소,경제과 (☎041-339-7253)
서울,중랑,중랑사랑상품권,https://www.gov.kr//portal/rcvfvrSvc/dtlEx/306000000107?administOrgCd=,지역 소상공인 및 주민 등을 위한 지역사랑상품권 혜택 지원,,,서울특별시 중랑구,정보 없음,온라인신청,정보 없음,이용권,○ 지역사랑상품권 발행으로 인한 지역경제 활성화 제공,정보 없음,"○ 지역 소상공인, 지역 주민 등",상시신청,○ 온라인 신청   - 모바일에서 직접 구매,기업지원과 (☎02-2094-1293)
경북,문경,문경사랑상품권,https://www.gov.kr//portal/rcvfvrSvc/dtlEx/512000000132?administOrgCd=,"소비자에게 할인 및 소득공제 혜택, 가맹점에 수수료 절감 혜택 등 제공",,,경상북도 문경시,정보 없음,문경사랑상품권 판매대행점,문경사랑상품권 판매대행점,이용권,"○ 소비자   - 구입 충전 시 6%(상시할인율)   10%(특별할인율) - 연말정산 시 소득공제    ○ 가맹점 - 모바일 가맹점 수수료 절감, 홍보효과, 가맹점 매출증대",정보 없음,○ 만19세이상 개인(법입·단체 할인없이 구매 가능),상시신청,"○ 온라인 신청   - 모바일앱(지역상품권(chak))에서 신청    ○ 방문 신청   - 기타 : 문경시 소재 문경사랑상품권 판매대행점(관내 농축협, 새마을금고, 대구은행, 우체국)",일자리경제과 (☎054-550-6484)
전남,완도,완도사랑상품권,https://www.gov.kr//portal/rcvfvrSvc/dtlEx/499000000117?administOrgCd=,완도군민에게 완도사랑상품권 10% 할인구매 혜택 지원,,,전라남도 완도군,○ 신분증 또는 ○ 본인인증 가능한 휴대폰이나 카드,정보 없음,"주민센터,시·군·구청",이용권,○ 지류형 및 카드형 발행으로 개인당 월 50만원( 연 500만원) 구매 가능(상시 10%할인- 할인율 변동가능 있음),정보 없음,○ 만19세 이상 완도군민  ○ 지류형 - 가맹점주 구매 불가 / 카드형 - 가맹점주 카드 발급 및 구매 가능,상시신청,○ 방문 신청   - 기타 : 판매대행점 35개소(우체국을 제외한 금융기관)에서 구매가능,완도군청 경제교통과 (☎061-550-5551)완도군청 경제교통과 (☎061-550-5553)
충북,청주,청주사랑상품권,https://www.gov.kr//portal/rcvfvrSvc/dtlEx/571000000134?administOrgCd=,청주페이 사용(결제) 시 지정 한도 내 인센티브 지원,,,충청북도 청주시,정보 없음,"지정 금융기관(농협5, 신협25)","지정 금융기관(농협5, 신협25)",이용권,○ 본인명의의 은행계좌를 가진 만 14세 이상 누구나 청주페이 발급 가능  ○ 청주페이 사용(결제) 시 지정 한도 내 인센티브 지원   ※ 예산소진 시 인센티브 제공은 종료됩니다.,정보 없음,○ 본인명의의 은행계좌를 가진 만14세이상 누구나,상시신청,"○ 온라인 신청 - 청주페이 APP설치 후 발급 및 배송신청    ○ 방문 신청   - 기타 : 지정 금융기관(30개소/농협5,신협25) 방문 후 현금구매",청주시 경제일자리과 (☎043-201-1024)
서울,양천,양천사랑상품권,https://www.gov.kr//portal/rcvfvrSvc/dtlEx/314000000117?administOrgCd=,양천사랑상품권 구매자에게 할인 혜택 지원,,,서울특별시 양천구,정보 없음,모바일(서울페이+ 구매결제앱),정보 없음,이용권,○ 상품권 구매시 할인율 적용 혜택,정보 없음,○ 상품권 구매 구민,상시신청,모바일(서울페이+ 구매결제앱),일자리경제과 (☎0226204825)
서울,강동,강동사랑상품권,https://www.gov.kr//portal/rcvfvrSvc/dtlEx/324000000101?administOrgCd=,"소비자에게 할인 및 소득공제 혜택, 가맹점에 수수료 절감 혜택 등 제공",,,서울특별시 강동구,정보 없음,앱을 통한 신청,정보 없음,이용권,"○ 소비자   - 구입 충전 시 할인 5%, 연말정산 시 소득공제 30%    ○ 가맹점 - 카드가맹점 수수료 절감, 홍보효과, 가맹점 매출증대",정보 없음,○ 만 14세 이상의 은행과 금융거래가 가능한 본인 명의의 스마트폰 소지자,상품권 할인발행시 구매 가능(명절 전),○ 구매전용 앱인 서울페이플러스 앱을 통한 모바일 상품권 구매,지역경제과 (☎02-3425-8724)
강원,홍천,홍천사랑상품권,https://www.gov.kr//portal/rcvfvrSvc/dtlEx/425000000651?administOrgCd=,"소비자에게는 할인 및 소득공제 혜택, 가맹점에는 홍보 및 매출 증대 등 지원",,,강원특별자치도 홍천군,정보 없음,"카드형인 경우 홍천군 관내 농협, 새마을금고, 신협을 방문해 접수, 지류형인 경우 홍천군 관내 농협, 새마을금고, 신협, 축협, 산림조합을 방문해 접수","카드형인 경우 홍천군 관내 농협, 새마을금고, 신협을 방문해 접수, 지류형인 경우 홍천군 관내 농협, 새마을금고, 신협, 축협, 산림조합을 방문해 접수",이용권,"○ 소비자   - 개인 구입 시 10%할인, 홍천사랑카드로 결제 시 연말정산 소득공제 30%    ○ 가맹점 - 홍보 효과, 매출 증대",정보 없음,"○ 카드형   - 만 14세 이상이면 누구든지 발급 가능, 만 19세 이상 충전 가능    ○ 지류형   - 만 19세 이상이면 누구든지 구매 가능",상시신청,"○ 온라인 신청 (카드형)   - 스마트폰에서 '지역상품권 chak'앱을 다운로드 한 후, 회원가입 진행 - 절차에 따라 홍천사랑카드 발급 및 충전 가능    ○ 방문 신청   - 기타 : 홍천군 관내 농협, 새마을금고, 신협을 방문해 홍천사랑카드 발급 및 충전 가능 (카드형)   - 기타 : 홍천군 관내 농협, 새마을금고, 신협, 축협, 산림조합을 방문해 홍천사랑상품권 구입 가능 (지류형)",홍천군청 경제진흥국 경제진흥과 (☎033-430-2807)
서울,관악,관악사랑상품권,https://www.gov.kr//portal/rcvfvrSvc/dtlEx/320000000108?administOrgCd=,관악사랑상품권 및 소비자를 위해 할인 혜택 지원,,,서울특별시 관악구,정보 없음,모바일 앱,정보 없음,이용권,○ 관악구 관악사랑상품권 가맹점에서 사용 가능한 모바일 지역화폐   - 구매시 할인 지원,정보 없음,"○ 관악사랑상품권 가맹점, 소비자",상시신청,○ 모바일 앱을 통한 구매,지역상권활성화과 (☎02-879-5746)
서울,용산,용산사랑상품권,https://www.gov.kr//portal/rcvfvrSvc/dtlEx/302000000106?administOrgCd=,"소비자에게 할인 및 소득공제 혜택, 가맹점에 수수료 절감 혜택 등 제공",,,서울특별시 용산구,정보 없음,시·군·구청,정보 없음,이용권,"○ 소비자   - 구입 시 5%~10%할인, 연말정산 시 소득공제 30%   ※ 할인율은 발행시기에 따라 변동될 수 있음 ○ 가맹점 - 가맹점 수수료 절감, 홍보 효과, 가맹점 매출 증대",정보 없음,○ 만 14세 이상이면 누구든지 구매 가능,상시신청,서울페이플러스 결제 앱,지역경제과 (☎02-2199-6785)
충북,음성,음성행복페이,https://www.gov.kr//portal/rcvfvrSvc/dtlEx/447000000112?administOrgCd=,음성행복페이 사용자에게 캐시백 인센티브 지원,,,충청북도 음성군,정보 없음,"모바일 앱,시·군·구청","모바일 앱,시·군·구청",이용권,"○ 음성행복페이로 결제 시 결제액의 10% 캐시백 인센티브 지원   - 상시 30만원, 연 360만원 한도",정보 없음,○ 음성행복페이 사용자(전국민),상시신청,○ 방문 신청 또는 모바일 앱(그리고),음성군청 일자리경제과 (☎043-871-3613)
전북,남원,남원사랑상품권,https://www.gov.kr//portal/rcvfvrSvc/dtlEx/470000000117?administOrgCd=,남원사랑상품권 구매자에게 10% 할인 혜택 지원,,,전북특별자치도 남원시,정보 없음,판매대행 금융기관 또는 모바일,판매대행 금융기관 또는 모바일,기타,○ 남원사랑상품권 10% 할인판매,정보 없음,○ 일반시민,상시신청,"○ 지류형 : 금융기관 판매대행점(농협시지부, 우체국, 전북은행, 단위농협, 새마을금고, 온누리신협)  ○ 카드형 : 금융기관 판매대행점 또는 모바일폰  ○ 모바일형 : 모바일폰",남원시청 일자리경제과 (☎063-620-6345)
강원,동해,동해사랑상품권,https://www.gov.kr//portal/rcvfvrSvc/dtlEx/421000000638?administOrgCd=,"소비자에게 할인 및 소득공제 혜택, 가맹점에 수수료 절감 혜택 등 제공",,,강원특별자치도 동해시,정보 없음,관내 판매대행점,관내 판매대행점,이용권,"○ 소비자 : 충전후 사용시 최대 6% 캐시백 지급, 연말정산 시 소득공제    ○ 가맹점 : 카드가맹점 수수료 절감, 홍보효과, 가맹점 매출증대",정보 없음,○ 만 14세 이상 누구든지 발급 가능,상시신청,○ 온라인 신청 - 스마트폰에서 '그리고'앱 다운로드 후 회원가입 및 신청    ○ 방문 신청  - 기타 : 관내 판매대행점 방문하여 신청,동해시 경제과 (☎033-530-2161)
서울,동작,동작사랑상품권,https://www.gov.kr//portal/rcvfvrSvc/dtlEx/319000000114?administOrgCd=,동작사랑상품권 구매자에게 할인 혜택 지원,,,서울특별시 동작구,정보 없음,동작구청 경제정책과,정보 없음,이용권,○ 할인판매된 동작사랑상품권의 할인비용 보전,정보 없음,○ 할인된 비용으로 상품권을 구매하는 간접 혜택,동작사랑상품권 발행시기에 따라 상이,"○ 동작사랑상품권 구매 시 자동 연계되며, 개인별 별도 신청절차 없음   (비즈플레이컨소시엄 → 동작구청 경제정책과로 구매정보 전달, 주민 개별신청 없음)",경제정책과 (☎02-820-1366)
서울,강서,서울강서사랑상품권,https://www.gov.kr//portal/rcvfvrSvc/dtlEx/315000000105?administOrgCd=,"소비자에게 할인 및 소득공제 혜택, 가맹점에 수수료 절감 혜택 등 제공",,,서울특별시 강서구,정보 없음,모바일웹,정보 없음,이용권,"○ 소비자   - 구입 충전 시 5% 할인, 연말정산 시 소득공제 30%   ※ 할인혜택은 시도 정책에 따라 변동될 수 있음    ○ 가맹점 - 상품권가맹점 수수료 절감, 홍보효과, 가맹점 매출증대",정보 없음,○ 만 14세 이상이면 누구든지 구입 가능,상시신청,○ 신청방법   - 기타 : 상품권 구매 및 결제앱(서울페이+) 활용,지역경제과 (☎02-2600-6367)
전북,익산,익산사랑상품권,https://www.gov.kr//portal/rcvfvrSvc/dtlEx/468000000129?administOrgCd=,익산사랑상품권 구매자에게 10% 인센티브 지급,,,전북특별자치도 익산시,정보 없음,은행,은행,이용권,○ 구매(충전) 인센티브 10% (월 70만원까지)   - 연말정산시 사용금액의 30% 소득공제 혜택,정보 없음,○ 만 14세 이상 누구나(본인명의 은행계좌 및 휴대전화 소지자),상시신청,○ 온라인 신청 - 모바일 앱    ○ 방문 신청 - 기타 : 은행,소상공인과 (☎063-859-5324)
서울,도봉,도봉사랑상품권,https://www.gov.kr//portal/rcvfvrSvc/dtlEx/309000000141?administOrgCd=,도봉사랑상품권 구매자에게 5% 할인 판매 혜택 지원,,,서울특별시 도봉구,정보 없음,모바일 신청,정보 없음,이용권,○ 도봉사랑 (모바일)상품권 할인 판매   - 할인율: 5%(변동가능)   - 보유한도: 1인당 150만원   - 사용처: 도봉구 관내 서울페이 가맹점   ※ 대형마트 등 대규모점포와 일부 유흥업소 사용불가   - 유의사항: 발행액 소진 시 판매 종료,정보 없음,○ 상품권 구매자,상시신청,○ 모바일 신청 - 모바일 앱 설치 후 구매 및 결제   ※ 2024년 4월 22일부터 1개 앱(서울Pay+)에서 상품권 구매 및 결제가 가능합니다.,지역경제과 (☎02-2091-2893)
경북,봉화,봉화사랑상품권,https://www.gov.kr//portal/rcvfvrSvc/dtlEx/524000000134?administOrgCd=,"소비자에게 할인 혜택, 가맹점에는 매출 증대 등 지원",,,경상북도 봉화군,정보 없음,"봉화군 금융기관(농협, 축협,새마을금고,산림조합)","봉화군 금융기관(농협, 축협,새마을금고,산림조합)",이용권,○ 소비자   - 구입 충전 시 10% 할인(예산 소진시까지)    ○ 가맹점   - 가맹점 매출 증대,정보 없음,○ 만 14세 이상이면 누구든지 구입 충전 가능,상시신청,"○ 온라인 신청 (모바일 카드형)     - 스마트폰에서 ""지역상품권 chak""설치 후 , 회원가입 진행 - 절차에 따라 '카드신청' 및 '개인정보 등록'   - 상품권 충전 후 사용      ○ 방문 신청 (오프라인 카드형)     - 스마트폰에서 ""지역상품권 chak""설치 후, 회원가입 - '농협, 축협' 창구 방문 후 카드 신청 - 충전 후 사용   - 농협, 축협, 새마을금고 등 은행 방문 후 상품권 구입 (지류형)",새마을경제과 (☎054-679-6253)
전북,김제,김제사랑상품권,https://www.gov.kr//portal/rcvfvrSvc/dtlEx/471000000125?administOrgCd=,김제사랑상품권 구매자에게 10% 할인 혜택 지원,,,전북특별자치도 김제시,정보 없음,판매대행점,판매대행점,이용권,○ 김제사랑상품권 구매시 10% 할인,정보 없음,○ 김제사랑상품권 구매자,상시신청,○ 방문 신청   - 기타 : 판매대행점 또는 고향사랑페이앱,경제진흥과 (☎063-540-3993)
전북,부안,부안사랑상품권,https://www.gov.kr//portal/rcvfvrSvc/dtlEx/479000000117?administOrgCd=,부안사랑상품권 구매자에게 5~10% 할인 혜택 지원,,,전북특별자치도 부안군,정보 없음,판매대행점,판매대행점,이용권,○ 부안사랑상품권 할인 구입   - 상시할인 5% 또는 특별할인 10%,정보 없음,○ 전 국민,상시신청,○ 방문 신청   - 기타 : 판매대행점 또는 APP 활용,지역경제과 (☎063-580-4116)
서울,강북,강북사랑상품권,https://www.gov.kr//portal/rcvfvrSvc/dtlEx/308000000127?administOrgCd=,강북구 소상공인 및 강북구민을 위한 5% 할인 판매 지원,,,서울특별시 강북구,정보 없음,정보 없음,정보 없음,이용권,○ 강북구 내 서울페이(제로페이) 가맹점에서 이용할 수 있는 상품권을 5% 할인 지원하여 판매 ※ 발행액 소진 시 판매 종료,정보 없음,○ 강북구 소상공인 및 강북구민,상시신청,○ 신청 : 서울페이 결제앱,지역경제과 (☎02-901-6445)
경북,예천,예천사랑상품권,https://www.gov.kr//portal/rcvfvrSvc/dtlEx/523000000189?administOrgCd=,"소비자에게 할인 혜택, 가맹점에는 매출 증대 등 지원",,,경상북도 예천군,정보 없음,판매대행점,판매대행점,이용권,"○ 소비자   - 구입 시 10%할인    ○ 가맹점 - 카드가맹점 수수료 절감, 홍보효과, 가맹점 매출증대",정보 없음,○ 만 19세 이상 상품권 구매자 ○ 관내 소상공인,상시신청,"○ 온라인 신청(모바일) 1. 스마트폰에서 지역상품권앱을 다운로드 한 후, 회원가입 진행  2. 절차에 따라 상품권 구매    ○ 방문 신청   - 기타 : 판매대행점 방문하여 구매",지역경제과 (☎054-650-6096)
충남,서천,서천사랑상품권,https://www.gov.kr//portal/rcvfvrSvc/dtlEx/458000000118?administOrgCd=,"소비자 서천사랑상품권 구매 및 충전 시 10% 할인, 가맹점 매출증대 등 지원",,,충청남도 서천군,정보 없음,"서천군 관내 전 금융기관,시·군·구청","서천군 관내 전 금융기관,시·군·구청",이용권,"○ 소비자   - 상품권 구매 및 충전 시 10% 할인   - QR, 지류상품권 결제시 현금영수증 발급 가능    ○ 가맹점 - 서천군 관내 소상공인 · 전통시장 등 소비촉진을 통한 지역경제 활성화",정보 없음,○ 만 14세 이상이면 회원가입 가능 및 상품권 구매 가능,상시신청,○ 방문 신청   - 서천군청 경제진흥과(상품권 가맹점 등록/해지/변경 신청만 가능) - 서천군 관내 전 금융기관 ○ 기타 - 지역상품권 chak앱을 통한 신청,서천군청 경제진흥과 (☎041-950-4355)
전북,고창,고창사랑상품권,https://www.gov.kr//portal/rcvfvrSvc/dtlEx/478000000113?administOrgCd=,"소비자에게 할인 및 소득공제 혜택, 가맹점에는 매출증대 등 지원",,,전북특별자치도 고창군,정보 없음,지역 금융기관(우체국 제외),지역 금융기관(우체국 제외),이용권,"○ 소비자   - 구입 충전 시 5~10%할인, 고창사랑 카드 사용시 소득공제 30%, ※ 할인혜택은 고창군 정책에 따라 변동될 수 있음    ○ 가맹점 - 홍보효과, 가맹점 매출증대",정보 없음,○ 만 19세 이상이면 누구든지 발급 가능,상시신청,"○ 지역 금융기관 방문신청, 고향사랑페이 앱 신청",신활력경제정책관 (☎063-560-2351)
충북,영동,영동사랑상품권,https://www.gov.kr//portal/rcvfvrSvc/dtlEx/444000000134?administOrgCd=,지역상품권 사용자를 위해 발행 및 운영 지원,,,충청북도 영동군,정보 없음,은행창구,은행창구,이용권,○ 지역상품권(영동사랑상품권) 발행 및 운영,정보 없음,○ 지역상품권(영동사랑상품권) 사용자,상시신청,"○ 방문 신청   - 기타 : 모바일(스마트폰 앱), 은행창구",경제과 (☎043-740-3715)
전남,장성,장성사랑상품권,https://www.gov.kr//portal/rcvfvrSvc/dtlEx/498000000126?administOrgCd=,장성사랑상품권 구매자에게 6~10% 할인 구매 지원,,,전라남도 장성군,정보 없음,"지역농?축협, 신협,새마을금고, 광주은행","지역농?축협, 신협,새마을금고, 광주은행",이용권,"○ 장성사랑상품권 할인 구매   - 상시 6%, 특별할인 10%",정보 없음,○ 만19세 이상이면 누구든지 구매 가능,상시신청,"○ 방문 신청   - 기타 : 장성군 소재 농축협, 신협, 새마을금고, 광주은행",일자리경제실 (☎061-390-7352)
충남,공주,공주사랑상품권,https://www.gov.kr//portal/rcvfvrSvc/dtlEx/450000000122?administOrgCd=,공주사랑상품권 구매자에게 10% 할인 지원,,,충청남도 공주시,해당없음,모바일 앱,모바일 앱,이용권,"공주시 지역화폐(공주페이) 구매 혜택 ○ 내 용 : 공주사랑상품권 충전금액의 10% 할인(지원)     ※ 예산 운용 여건에 따라 할인 정책이 달라질 수 있음    ○ 구매 한도 : 1인당 월 70만원, 월 보유한도 150만원, 연 구매한도 840만원",정보 없음,○ 공주페이 가입자,상시신청,○ 방문 신청   - 기타 : 모바일 앱(착한페이),경제과 (☎041-840-8282)
서울,성동,성동사랑상품권,https://www.gov.kr//portal/rcvfvrSvc/dtlEx/303000000113?administOrgCd=,"할인된 지역사랑상품권 판매, 가맹점 결제 수수료 0%, 모바일용 상품권",,,서울특별시 성동구,정보 없음,모바일 신청,모바일 신청,이용권,1. 할인된 금액으로 지역사랑상품권(모바일용) 판매 2. 상품권으로 결제시 가맹점 수수료 0%(연 매출액 8억원 이하)  3. 이용가능앱: 서울페이+   - 모바일에 앱 다운로드 후 결제계좌 또는 카드 연결 후 상품권 구매 - 가맹점에서 앱 실행하여 결제 진행,정보 없음,○ 전국민 및 성동구 관내 소상공인,상시신청,모바일 신청: 모바일 결제어플(서울페이+) 다운로드하여 회원가입 및 카드 또는 결제계좌 등록 후 상품권 구매,지역경제과 (☎02-2286-5456)서울페이+ 고객센터 (☎1600-6120)
전북,진안,진안고원행복상품권,https://www.gov.kr//portal/rcvfvrSvc/dtlEx/473000000129?administOrgCd=,"소비자에게 구입 및 충전 시 10% 할인, 가맹점에 매출증대 혜택 제공",,,전북특별자치도 진안군,정보 없음,"주민센터,시·군·구청","주민센터,시·군·구청",이용권,"○ 소비자   - 지류형상품권 구입 시 10% 할인   - 카드형상품권 충전 시 10%할인, 연말정산 시 소득공제    ○ 가맹점 - 홍보효과, 가맹점 매출증대",정보 없음,○ 10% 할인 구매 : 19세이상의 개인(법인 및 가맹점주는 할인불가)    ○ 가맹점주 : 진안군내에 사업자등록이 되어 있는 사업자,상시신청,"○ 상품권 가맹점 방문 신청  - 읍,면 행정복지센터 산업팀  - 진안군청 농촌활력과 지역경제팀    ○ 지류 상품권 구매처  - 진안군내 21개소 판매대행점   * 농협은행진안군지부, 농협은행진안군청출장소, 전북은행 진안지점, 진안농협-본점, 군상지소, 동향지소, 마령지소, 안천지소, 용담지소, 주천지소,   백운농협-본점, 성수지소, 부귀농협-본점, 정천지소, 전북인삼농협, 무진장축산농협, 진안우체국, 진안군청 신용협동조합, 진안새마을금고,   진안동부새마을금고-본점, 마령지점.",농촌활력과 (☎063-430-8052)
서울,동대문,동대문구사랑상품권,https://www.gov.kr//portal/rcvfvrSvc/dtlEx/306000000110?administOrgCd=,"소비자에게 할인 및 소득공제 혜택, 가맹점에 수수료 절감 혜택 등 제공",,,서울특별시 동대문구,해당없음,모바일 앱,정보 없음,이용권,"○ 소비자   - 구입 시 7% 할인, 연말정산 시 사용금액의 30% 소득공제    ○ 가맹점 - 카드 결제 수수료 절감, 지역사랑상품권 앱을 통한 홍보 효과, 가맹점 매출증대",정보 없음,○ 누구든지 가능,접수기관 별 상이,"○ 모바일 앱   - 소비자 : (상품권 구매 및 결제) 서울사랑상품권 결제 가능 앱(서울Pay+, 티머니페이, 신한 쏠, 머니트리)   - 가맹점 : 서울페이 어플 내 사업자번호 조회 후 가맹점 신청 가능",경제진흥과 (☎02-2127-4117)
경남,밀양,밀양사랑상품권,https://www.gov.kr//portal/rcvfvrSvc/dtlEx/536000000115?administOrgCd=,밀양사랑상품권 구매자에게 할인 혜택 지원,,,경상남도 밀양시,정보 없음,판매대행점,판매대행점,이용권,○ 밀양사랑상품권 할인 판매,정보 없음,○ 밀양사랑상품권 구매자,상시신청,○ 방문 신청   - 기타 : 판매대행점 및 모바일 구매,일자리경제과 (☎055-359-5053)
충남,청양,청양사랑상품권,https://www.gov.kr//portal/rcvfvrSvc/dtlEx/459000000132?administOrgCd=,"소비자에게 할인 및 소득공제 혜택, 가맹점에 수수료 절감 혜택 등 제공",,,충청남도 청양군,정보 없음,청양군 소재의 판매대행점 23개소,청양군 소재의 판매대행점 23개소,이용권,"○ 소비자   - 구입 충전 시 10%할인, 연말정산 시 소득공제 30%   ※ 할인혜택은 정책에 따라 변동될 수 있음    ○ 가맹점 - 카드가맹점 수수료 절감, 홍보효과, 가맹점 매출증대",정보 없음,○ 만 14세 이상이면 누구든지 발급 가능,상시신청,○ 방문 신청   - 기타 : 청양군 소재의 판매대행점 23개소,청양군청 사회적경제과 (☎041-940-2322)
충남,계룡,계룡사랑상품권,https://www.gov.kr//portal/rcvfvrSvc/dtlEx/558000000114?administOrgCd=,계룡사랑상품권 구매자에게 5~10% 할인 혜택 지원,,,충청남도 계룡시,정보 없음,"종이형인 경우, 지역 내 농협 및 새마을금고, 신협","종이형인 경우, 지역 내 농협 및 새마을금고, 신협",이용권,"○ 상품권 종류 : 종이형, 모바일형    ○ 상품권 할인 판매 : 상시할인(5%), 특별할인(10%)    ○ 상품권 할인 한도 : 개인당 월 50만원    ○ 상품권 유효기간 : 발행일로부터 5년",정보 없음,○ 만19세 이상자,상시신청,"○ 방문 신청   - 기타 : Y 상품권 구매처 - 종이형 : 계룡시 관내 농협, 새마을금고, 신협   - 모바일형 : 스마트폰에서 지역상품권 chak 앱 설치 후 구매(계룡시 홈페이지 모바일 계룡사랑상품권 구매 및 사용방법 참조)",일자리경제과 (☎042-840-2582)
전북,순창,순창사랑상품권,https://www.gov.kr//portal/rcvfvrSvc/dtlEx/477000000113?administOrgCd=,"소비자에게 할인 혜택, 가맹점에는 매출증대 등 지원",,,전북특별자치도 순창군,정보 없음,관내 금융기관,관내 금융기관,이용권,"○ 소비자   - 구입 충전 시 카드,모바일 10%할인, 종이상품권 5%할인    ○ 가맹점 - 가맹점 매출 증대 및 홍보 효과",정보 없음,○ 만19세이상 구입가능,상시신청,○ 온라인 신청   - 모바일 어플 CHAK    ○ 방문 신청   - 기타 : 관내 금융기관,경제교통과 (☎063-650-1322)
경북,영덕,영덕사랑상품권,https://www.gov.kr//portal/rcvfvrSvc/dtlEx/518000000114?administOrgCd=,"소비자에게 할인 혜택, 가맹점에는 매출 증대 등 지원",,,경상북도 영덕군,정보 없음,"앱다운로드, 판매대행점(농축협, 수협, 등)","앱다운로드, 판매대행점(농축협, 수협, 등)",이용권,"○ 소비자   - 구입 충전 시 5~10% 할인, 종이상품권은 현금영수증 발행가능/카드상품권은 체크카드로 적용되어 연말정산 시 소득공제혜택    ○ 가맹점 - 가맹점 매출증대",정보 없음,○ 만19세 이상이면 구매가능,상시신청,"○ 온라인 신청   - 영덕사랑카드 : 스마트폰에서 '지역상품권 chak'앱을 다운로드 한 후, 회원가입, 카드신청 및 충전 가능    ○ 방문 신청   - 영덕사랑상품권 : 영덕군 소재 28개 판매대행점(농축협, 수협, 새마을금고, 신협, 산림조합 등) 방문하여 구매",일자리경제과 (☎054-730-6235)
전남,강진,강진사랑상품권,https://www.gov.kr//portal/rcvfvrSvc/dtlEx/492000000126?administOrgCd=,강진사랑상품권 구매자에게 할인 구매 지원 : 할인율 연중 10%,,,전라남도 강진군,강진사랑상품권 개별 가맹점 등록 신청서 1부.  사업자등록증 1부.  통장사본 1부.,관내 은행,관내 은행,이용권,"○ 강진사랑상품권 현황   - 상품권 종류 : 3종 (지류, 카드, 모바일)   - 할인율 : 연중 10%   - 월 구매한도 : 개인 기준 70만원 (지류, 카드, 모바일 통합 70만원)",정보 없음,○ 19세 이상 전 국민,상시신청,○ 지류형 상품권 : 관내 은행 방문신청  ○ 카드형 상품권 : 관내 은행 방문 및 어플(chack)을 통한 신청  ○ 모바일 상품권 : 어플을 통한 신청 및 전화 신청,축제마케팅추진단 (☎061-430-3083)
경북,청도,청도사랑상품권,https://www.gov.kr//portal/rcvfvrSvc/dtlEx/519000000115?administOrgCd=,"소비자에게 할인 및 소득공제 혜택, 가맹점에 수수료 절감 혜택 등 제공",,,경상북도 청도군,"○ 판매대행점(청도군 금융기관) 방문시 : 신분증 지참, 신청서 작성","고향사랑페이 앱, 청도군 관내 판매대행점","고향사랑페이 앱, 청도군 관내 판매대행점",이용권,"○ 소비자   - 구입 충전 시 5~10% 할인, 연말정산 시 소득공제 30%   ※ 할인혜택은 군 정책에 따라 변동될 수 있음    ○ 가맹점 - 가맹점 수수료 절감, 홍보효과, 가맹점 매출증대",월 구매한도 제한,○ 만 14세 이상이면 누구든지 발급 가능  ○ 가맹점주 : 종이형 할인구매불가,예산확보시~예산소진시,"○ 온라인 신청   - 스마트폰(본인명의, 만14세이상)에서 고향사랑페이앱을 다운로드 한 후, 신청 및 충전    ○ 방문 신청   - 기타 : 청도군 소재의 판매대행점(금융기관)을 방문하여 신청",경제산림과 (☎054-370-2233)고객센터 (☎1644-9760)
강원,정선,정선아리랑상품권,https://www.gov.kr//portal/rcvfvrSvc/dtlEx/429000000762?administOrgCd=,정선군민에게 5% 할인 혜택을 제공하는 정선아리랑상품권,,,강원특별자치도 정선군,정보 없음,"관내 판매대행점(농협, 축협, 신협, 산림조합)","관내 판매대행점(농협, 축협, 신협, 산림조합)",이용권,○ 정선아리랑상품권 할인 판매 : 5%,정보 없음,○ 정선군민,상시신청,"○ 방문 신청 - 기타 : 관내 판매대행점(금융기관-농협, 축협, 신협, 산림조합) 방문 구매",경제과 (☎033-560-2324)
서울,중구,서울중구사랑상품권,https://www.gov.kr//portal/rcvfvrSvc/dtlEx/301000000135?administOrgCd=,"소비자에게 할인 및 소득공제 혜택, 가맹점에 수수료 절감 혜택 등 제공",,,서울특별시 중구,정보 없음,온라인신청,정보 없음,이용권,"○ 소비자   - 구입 충전 시 5%할인, 연말정산 시 소득공제 30%   ※ 할인혜택은 정책에 따라 변동될 수 있음    ○ 가맹점 - 카드가맹점 수수료 절감, 홍보효과, 가맹점 매출증대",정보 없음,○ 누구든지 가능,상시신청,○ 온라인 신청 - 스마트폰 앱,도심산업과 (☎02-3396-5594)
강원,인제,인제사랑상품권,https://www.gov.kr//portal/rcvfvrSvc/dtlEx/433000000129?administOrgCd=,인제사랑상품권 구매자에게 10% 할인 혜택 지원,,,강원특별자치도 인제군,정보 없음,"인제군 소재의 지역은행 또는 그리고앱,시·군·구청","인제군 소재의 지역은행 또는 그리고앱,시·군·구청",이용권,인제사랑상품권 구매자에게 할인 혜택 지원    ○ 1인당 구매한도 및 할인율   - 카드형 : 개인당 월 65만원 한도 10% 할인   - 지류형 : 개인당 월 5만원 한도 10% 할인    ○ 구매 및 발급요령 : 인제사랑상품권(지류형·카드형) 개인 할인 구매 및 발급 시 신분증 지참 필수,정보 없음,○ 인제사랑상품권 구매자,상시신청,"○ 온라인 신청(카드형)   - 온라인 신청(그리고 앱)    ○ 방문 신청(지류형, 카드형)   - 기타 : 관내 지역은행",경제협력과 (☎033-460-4402)
충남,금산,금산사랑상품권,https://www.gov.kr//portal/rcvfvrSvc/dtlEx/455000000103?administOrgCd=,금산사랑상품권 구매자에게 선할인(3~10%) 수수료 지원,,,충청남도 금산군,신분증,관내 금융기관,관내 금융기관,"현금, 이용권",○ 금산사랑상품권 구매자에게 선할인(3~10%) 수수료 지원,정보 없음,○ 상품권 구매자,상시신청,○ 방문 신청   - 기타 : 관내 금융기관  ○ 모바일 신청,경제과 (☎041-750-3014)
경남,함양,함양사랑상품권,https://www.gov.kr//portal/rcvfvrSvc/dtlEx/546000000132?administOrgCd=,"소비자에게 할인 및 소득공제 혜택, 가맹점에게 수수료 절감 혜택 등 제공",,,경상남도 함양군,신분증,관내 금융기관(지류형),정보 없음,이용권,"○ 소비자   - 상품권 상시할인 7%, 특별할인 10%   - 모바일 상품권(제로페이) 연말정산 시 소득공제 30%    ○ 가맹점 - 결제 수수료 절감, 홍보효과, 가맹점 매출 증대",정보 없음,○ 만 19세 이상이면 누구든지 구입 가능,상시신청,○ 온라인 신청(모바일형) - 스마트폰 제로페이 결제 앱    ○ 방문 신청(지류형)   - 관내 금융기관,함양군청 일자리경제과 (☎055-960-4714)
전남,구례,구례사랑상품권,https://www.gov.kr//portal/rcvfvrSvc/dtlEx/487000000142?administOrgCd=,상품권 구매자 등에게 할인 혜택 지원,,,전라남도 구례군,개인: 본인신분증 법인: 법인단체 증명서류,관내 금융기관(우체국 제외),관내 금융기관(우체국 제외),현금(감면),"○ 구례사랑상품권 구매시 할인 혜택 - 지류 카드 통합 70만 원(지류30만 원), 연중 10%할인",정보 없음,○ 상품권 구매자,상시신청,○ 방문 구입 - 관내 금융기관(우체국 제외)  ○ 지역사랑상품권 애프리케이션 (chak)에서 직접 구입,구례군청 경제활력과 (☎061-780-2622)
경남,의령,의령사랑상품권,https://www.gov.kr//portal/rcvfvrSvc/dtlEx/539000000103?administOrgCd=,"소비자에게 할인 및 소득공제 혜택, 가맹점에는 매출증대 등 지원",,,경상남도 의령군,"종이 상품권 구입: 본인인증(신분증, 휴대폰)",금융기관(24개소),정보 없음,기타,"○ 소비자 - 상품권 구매시10% 할인, 소득공제    ○ 가맹점 - 상품권 가맹점 수수료 절감, 매출증대",정보 없음,○ 19세 이상 내외국인이면 누구든지 구입 가능,상시신청,"○ 온라인 신청   - 스마트폰에서 chak앱을 다운로드한 후, 회원가입 진행 및 상품권구입    ○ 방문 신청   - 기타 : 금융기관(24개소) 방문",경제기업과 (☎055-570-3104)
경북,성주,성주사랑상품권,https://www.gov.kr//portal/rcvfvrSvc/dtlEx/521000000116?administOrgCd=,성주사랑상품권 구매고객에게 상시 3% 할인 지원 *특별할인기간 : 10% 할인 지원,,,경상북도 성주군,"신분증, 본인명의휴대폰","판매대행점(관내 농협, 대구은행 등)","판매대행점(관내 농협, 대구은행 등)",기타,○ 성주사랑상품권 구매시 상시 3% 할인   *특별할인기간 : 10% 할인,정보 없음,○ 지역화폐 구매고객,상시신청,"○ 방문 구매   - 기타 : 판매대행점(관내 농협, 대구은행, 산림조합, 새마을금고,성주신협 등)    ○ 온라인 구매   - 어플 '지역상품권CHAK' 이용하여 구매",기업경제과 (☎054-930-6702)기업경제과 (☎054-930-6701)
경남,산청,산청사랑상품권,https://www.gov.kr//portal/rcvfvrSvc/dtlEx/545000000115?administOrgCd=,"소비자에게 할인 및 소득공제 혜택, 가맹점에 수수료 절감 혜택 등 제공",,,경상남도 산청군,정보 없음,"지역농?축협, 경남은행,새마을금고","지역농?축협, 경남은행,새마을금고",이용권,"○ 소비자   - 구입시 10%할인, 연말정산 시 소득공제 30%    ○ 가맹점 - 카드가맹점 수수료 절감, 홍보효과, 가맹점 매출증대",정보 없음,○ 만 14세 이상이면 누구든지 구입 가능,상시신청,"○ 온라인 신청 - 1. 스마트폰에서 제로페이앱을 다운로드 한 후, 회원가입, 개인정보 등록 하여 구입    ○ 방문 신청   - 기타 : 산청군 소재 농축협,경남은행, 새마을금고",경제교통과 (☎055-970-6813)
전북,임실,임실사랑상품권,https://www.gov.kr//portal/rcvfvrSvc/dtlEx/476000000143?administOrgCd=,"소비자에게 할인 혜택, 가맹점에 매출 증대 효과",,,전북특별자치도 임실군,"지류 상품권 구입시 - 신분증, 개인정보활용 동의서    전자상품권 구입시 - 본인 인증","개인구매인 경우, 임실군 소재의 오프라인 가맹점",정보 없음,현금(감면),"○ 소비자   - 지역화폐 구입 및 충전 시 10%할인   ※ 할인혜택은 시도 정책에 따라 변동될 수 있음    ○ 가맹점 - 카드가맹점 수수료 절감, 홍보 효과, 가맹점 매출 증대",정보 없음,○ 만 19세 이상이면 누구든지 발급 가능,상시신청,"○ 방문 신청   - 개인구매 : 임실군 소재의 오프라인 가맹점 방문하여 구매   - 구입처: 임실군 관내 농축협 및 새마을금고, 우체국, 산림조합    ○ 가맹점 신청 : 관할 주소지 읍면사무소 방문하여 필요 서류(사업자등록증, 신분증, 통장사본) 지참하여 내방 신청",경제교통과 (☎063-640-2403)
경북,울릉,울릉사랑상품권,https://www.gov.kr//portal/rcvfvrSvc/dtlEx/526000000119?administOrgCd=,"소비자에게 할인 및 소득공제 혜택, 가맹점에 수수료 절감 혜택 등 제공",,,경상북도 울릉군,정보 없음,"(종이형)울릉군 소재 농협, 수협, 새마을금고 방문 신청·구매, (모바일형)관련 앱 설치 후 본인인증 후 온라인 신청·구매","(종이형)울릉군 소재 농협, 수협, 새마을금고 방문 신청·구매, (모바일형)관련 앱 설치 후 본인인증 후 온라인 신청·구매",이용권,"○ 소비자   - 구입시 10%할인, 연말정산 시 소득공제 30%    ○ 가맹점 - 카드가맹점 수수료 절감, 홍보효과, 가맹점 매출증대",정보 없음,○ 만 19세 이상이면 누구든지 구매 가능,상시신청,"○ 종이형 상품권(방문 신청·구매)   - 울릉군 소재 농협, 수협, 새마을금고를 방문하여 신청·구매    ○ 모바일형 상품권(온라인 신청·구매) - 스마트폰에서 'chak' 앱을 다운로드 한 후, 회원가입 진행, 절차에 따라 '상품권구매'",경제투자유치실 (☎054-790-6273)
경북,영양,영양사랑상품권,https://www.gov.kr//portal/rcvfvrSvc/dtlEx/517000000109?administOrgCd=,"소비자에게 할인 혜택, 가맹점에는 매출 증대 등 지원",,,경상북도 영양군,"ㅇ신청인 구비서류   - 필수서류 : 영양사랑상품권 현금할인구매 신청서, 실명확인증(주민등록증, 운전면허증, 여권 등 / 미성년자는 사진과 주민등록번호가 나오는 증명서)   - 법정대리인 : 필수서류 및 법정대리인과 미성년자의 관계 증빙자료(가족관계증명서(상세) 등)",관내 영양사랑상품권 판매대행점,관내 영양사랑상품권 판매대행점,이용권,○ 영양사랑상품권 구매자   - 구매 시 10% 할인 혜택    ○ 가맹점   - 매출증대 및 홍보효과    ○ 판매대행점   - 상품권 판매 및 환전 업무에 대한 수수료 지급,정보 없음,"○ 영양사랑상품권 구매자(영양사랑카드의 경우 만14세이상), 영양사랑상품권 가맹점, 영양사랑상품권 판매대행점",상시신청,"○ 온라인 신청 1. 스마트폰에서 지역사랑상품권 chak앱을 다운로드 한 후, 회원가입 진행 2. 절차에 따라 ‘카드신청’ 및 ‘개인정보 등록’    ○ 방문 신청   - 기타 : 관내 영양사랑상품권 판매대행점에서 구매신청서 작성",농촌경제과 (☎054-680-6321)
강원,횡성,횡성사랑상품권,https://www.gov.kr//portal/rcvfvrSvc/dtlEx/426000000137?administOrgCd=,횡성사랑상품권 사용자에게 사용금액의 5~10% 캐시백 지원,,,강원특별자치도 횡성군,정보 없음,"지역화폐 앱(그리고), 관내 금융기관,주민센터","지역화폐 앱(그리고), 관내 금융기관,주민센터",기타,○ 사용금액의 5~10% 캐시백,정보 없음,○ 횡성사랑상품권 사용자,상시신청,"○ 온라인 신청 - 지역화폐 앱 '그리고'    ○ 방문 신청   - 읍면행정복지센터(카드 교부만 가능)   - 관내 판매대행점: 농협, 축협, 산림조합, 신협, 새마을금고, 삼일새마을금고 * 판매대행점은 노약자 및 구형 폰 사용자를 위하여 운영함으로 일반인은 스마트폰앱(발급 및 충전) 권장",경제정책과 (☎033-340-2056)
전남,보성,보성사랑상품권,https://www.gov.kr//portal/rcvfvrSvc/dtlEx/489000000115?administOrgCd=,"소비자에게 구매할인 및 소득공제, 가맹점에는 매출증대 및 수수료 절감 등 혜택 제공",,,전라남도 보성군,"○ 구매: 신분증  ○ 환전: 신분증, 사업자등록증  ○ 가맹신청: 신분증, 사업자등록증, 사업자 명의 통장","관내 농협, 축협, 새마을금고, 신협, 수협, 산림조합, 광주은행","관내 농협, 축협, 새마을금고, 신협, 수협, 산림조합, 광주은행",이용권,"○ 소비자 혜택   - 지류: 구입시 10% 할인   - 카드: 충전시 10% 할인   ※ 카드 할인 예산 소진 시 서비스는 종료됩니다.    ○ 가맹점 혜택   - 매출증대(관내 사용 제한으로 자금 역외 유출 방지 효과), 신용카드 수수료 절감(지류 및 체크카드), 홍보 등",1. 할인구매한도: 지류+카드 합산 월70만원 / 연 840만원,○ 만19세 이상 보성군 관내외 주민 모두,할인예산 소진시까지,"○ 구매 신청: 방문(신분증 지참)   - 관내 농협, 축협, 새마을금고, 신협, 수협, 산림조합, 광주은행   (카드는 chak 어플로 온라인 신청도 가능)    ○ 가맹점 등록 신청: 사업장 소재지 읍면사무소 산업계(사업주 신분증, 사업자 등록증, 사업자 명의 통장 지참)",경제교통과 지역경제팀 (☎061-850-5494)
전남,신안,1004섬신안상품권,https://www.gov.kr//portal/rcvfvrSvc/dtlEx/501000000110?administOrgCd=,1004섬신안상품권 구매자에게 할인 혜택 지원,,,전라남도 신안군,신분증,관내 상품권 판매대행점,관내 상품권 판매대행점,이용권,"○ 개인이 1004섬신안상품권 구매시 지류,카드 통합 월 70만원까지 할인 혜택",정보 없음,○ 1004섬신안상품권 구매자,상시신청,○ 방문 신청   - 기타 : 관내 상품권 판매대행점,경제유통과 (☎061-240-8889)
충남,홍성,홍성사랑상품권,https://www.gov.kr//portal/rcvfvrSvc/dtlEx/460000000162?administOrgCd=,"홍성사랑상품권 구매(개인당 월 한도 50만원, 상시7%, 특별할인 10%)",,,충청남도 홍성군,신분증,관내 판매대행점 51개소 및 지역상품권 Chak 앱,관내 판매대행점 51개소 및 지역상품권 Chak 앱,이용권,"○ 상품권 종류 : 지류, 모바일, 카드  ○ 상품권 할인 판매 : 상시할인(7%), 특별할인(10%)  ○ 상품권 할인 한도 : 개인당 월 50만원  ○ 상품권 유효기간 : 발행일로부터 5년",정보 없음,"○ 상품권 구매 : 만19세이상 개인, 법인 등 (가맹점주 할인구매 불가)  ○ 앱설치 및 카드발급 : 만14세이상",상시신청,"○ 지류상품권 : 방문 구매   - 관내 농축협, 새마을금고, 신협, 하나은행 홍성지점, 홍성우체국, 보령수협 남당항지점  ○ 모바일상품권 : 지역상품권 Chak 앱에서 구매  ○ 카드상품권: 지역상품권 Chak 앱 또는 관내 농축협, 우체국, 새마을금고에서 발급",경제정책과 (☎041-630-1882)
충북,옥천,옥천사랑상품권,https://www.gov.kr//portal/rcvfvrSvc/dtlEx/443000000664?administOrgCd=,향수ok카드 사용(결제)시 지정 한도 내 인센티브 지원,,,충청북도 옥천군,정보 없음,"주민센터,시·군·구청","주민센터,시·군·구청",이용권,○ 본인명의의 은행계좌를 가진 14세 이상 누구나 향수ok카드 발급 가능 ○ 향수ok카드 사용(결제) 시 지정 한도 내 인센티브 지원 ※ 예산소진 시 인센티브 제공은 종료됩니다.,정보 없음,○ 본인명의의 은행계좌를 가진 14세 이상 누구나,상시신청,○ 온라인 신청  - 그리고 APP 설치 후 발급 및 배송신청    ○ 방문 신청  - 군청 경제과 및 읍·면 행정복지센터 방문하여 공카드 수령 후 등록,옥천군 경제과 (☎043-730-3712)옥천군 경제과 (☎043-730-3398)
강원,춘천,춘천사랑상품권,https://www.gov.kr//portal/rcvfvrSvc/dtlEx/418000000246?administOrgCd=,"소비자에게 할인 및 소득공제 혜택, 가맹점에 수수료 절감 혜택 등 제공",,,강원특별자치도 춘천시,○ 신청인 제출서류   - 신분증 지참 - 현금 또는 계좌이체만 가능,"관내 농축협, 신협, 새마을금고","관내 농축협, 신협, 새마을금고",이용권,"○ 소비자   - 구입 시 7%할인, 연말정산 시 소득공제 30%   ※ 할인혜택은 시 정책에 따라 변동될 수 있음    ○ 가맹점 - 가맹점 카드 결제 수수료 절감, 홍보효과, 가맹점 매출증대",정보 없음,○ 만14세 이상 개인(대리 구매 불가),상시신청,"○ 온라인 신청   1. 스마트폰에서 춘천사랑상품권 또는 한국간편결제진흥원 연계 앱(비플페이 등)을 다운로드 한 후, 회원가입 진행   2. 절차에 따라 '개인정보 등록' 및 상품권 구입    ○ 방문   - 지류 : 관내 관내 농축협, 신협, 새마을금고에 방문하여 구매(신분증지참, 본인구매)",춘천시 경제정책과 (☎033-250-3351)
